{"cameraMode":{"drawMode":0,"name":"Shaded","section":"Shading Mode"},"sceneLighting":false,"audioPlay":false,"sceneViewState":{"showFog":true,"showMaterialUpdate":false,"showSkybox":true,"showFlares":true,"showImageEffects":true,"showParticleSystems":true},"in2DMode":false,"pivot":{"x":0.589758038520813,"y":0.9805589914321899,"z":-0.16961491107940675},"rotation":{"x":0.3098369538784027,"y":0.21031753718852998,"z":-0.0704815685749054,"w":0.9245569705963135},"size":2.020829200744629,"orthographic":false}